repository,rank,login,pr_count,selected,cutoff_prs
jupyterlab/jupyterlab,1,krassowski,152,True,21
jupyterlab/jupyterlab,2,muffanuj,101,True,21
jupyterlab/jupyterlab,3,jtpio,47,True,21
jupyterlab/jupyterlab,4,jasongrout,26,True,21
jupyterlab/jupyterlab,5,darshan808,21,True,21
jupyterlab/jupyterlab,6,brichet,13,False,21
jupyterlab/jupyterlab,7,carreau,13,False,21
jupyterlab/jupyterlab,8,isabelparedes,13,False,21
jupyterlab/jupyterlab,9,thechyeahhh,9,False,21
jupyterlab/jupyterlab,10,tsharma-dev,9,False,21
jupyterlab/jupyterlab,11,bollwyvl,7,False,21
jupyterlab/jupyterlab,12,nightcityblade,6,False,21
jupyterlab/jupyterlab,13,aryansk,5,False,21
jupyterlab/jupyterlab,14,davidbrochart,5,False,21
jupyterlab/jupyterlab,15,krish-876,5,False,21
jupyterlab/jupyterlab,16,manas8114,5,False,21
jupyterlab/jupyterlab,17,yash990-bit,5,False,21
jupyterlab/jupyterlab,18,adv0r,4,False,21
jupyterlab/jupyterlab,19,alimahmouddev,4,False,21
jupyterlab/jupyterlab,20,deboraholaboye,4,False,21
jupyterlab/jupyterlab,21,denisacg,4,False,21
jupyterlab/jupyterlab,22,gagandeepsingh20,4,False,21
jupyterlab/jupyterlab,23,haudinflorence,4,False,21
jupyterlab/jupyterlab,24,lin9long,4,False,21
jupyterlab/jupyterlab,25,martinrenou,4,False,21
jupyterlab/jupyterlab,26,rrosio,4,False,21
jupyterlab/jupyterlab,27,whning0513,4,False,21
jupyterlab/jupyterlab,28,amanparganiha,3,False,21
jupyterlab/jupyterlab,29,anupamdwivedi98,3,False,21
jupyterlab/jupyterlab,30,boris324,3,False,21
jupyterlab/jupyterlab,31,cmarmo,3,False,21
jupyterlab/jupyterlab,32,dhgoal,3,False,21
jupyterlab/jupyterlab,33,github29tani,3,False,21
jupyterlab/jupyterlab,34,itsmejay80,3,False,21
jupyterlab/jupyterlab,35,jayaprajapatii,3,False,21
jupyterlab/jupyterlab,36,jayrana213,3,False,21
jupyterlab/jupyterlab,37,joeyash96,3,False,21
jupyterlab/jupyterlab,38,muthuraj-6805,3,False,21
jupyterlab/jupyterlab,39,pjdoland,3,False,21
jupyterlab/jupyterlab,40,rodrigosf672,3,False,21
jupyterlab/jupyterlab,41,soniya-malviy,3,False,21
jupyterlab/jupyterlab,42,statxc,3,False,21
jupyterlab/jupyterlab,43,yagnik-trivedi,3,False,21
jupyterlab/jupyterlab,44,yann-p,3,False,21
jupyterlab/jupyterlab,45,yummypancake2607,3,False,21
jupyterlab/jupyterlab,46,agriyakhetarpal,2,False,21
jupyterlab/jupyterlab,47,arun-357,2,False,21
jupyterlab/jupyterlab,48,codewithdaniel1,2,False,21
jupyterlab/jupyterlab,49,crafterkolyan,2,False,21
jupyterlab/jupyterlab,50,crystora,2,False,21
jupyterlab/jupyterlab,51,fbossiere,2,False,21
jupyterlab/jupyterlab,52,fly1d,2,False,21
jupyterlab/jupyterlab,53,itsmevichu,2,False,21
jupyterlab/jupyterlab,54,ktaletsk,2,False,21
jupyterlab/jupyterlab,55,martin-blau,2,False,21
jupyterlab/jupyterlab,56,mayank0030,2,False,21
jupyterlab/jupyterlab,57,nexus-hash,2,False,21
jupyterlab/jupyterlab,58,nina-mir,2,False,21
jupyterlab/jupyterlab,59,satyamkumarcs,2,False,21
jupyterlab/jupyterlab,60,tubaman,2,False,21
jupyterlab/jupyterlab,61,utsav-develops,2,False,21
jupyterlab/jupyterlab,62,vansh2308,2,False,21
jupyterlab/jupyterlab,63,xicoo22,2,False,21
jupyterlab/jupyterlab,64,yashrajrr,2,False,21
jupyterlab/jupyterlab,65,131219,1,False,21
jupyterlab/jupyterlab,66,1998lj,1,False,21
jupyterlab/jupyterlab,67,22elix3r,1,False,21
jupyterlab/jupyterlab,68,a3894281,1,False,21
jupyterlab/jupyterlab,69,abdulrahman305,1,False,21
jupyterlab/jupyterlab,70,afshin,1,False,21
jupyterlab/jupyterlab,71,ahmojo,1,False,21
jupyterlab/jupyterlab,72,alok844937-design,1,False,21
jupyterlab/jupyterlab,73,altis0725,1,False,21
jupyterlab/jupyterlab,74,amussara,1,False,21
jupyterlab/jupyterlab,75,anusha975,1,False,21
jupyterlab/jupyterlab,76,apoorvdarshan,1,False,21
jupyterlab/jupyterlab,77,aravind102030,1,False,21
jupyterlab/jupyterlab,78,arjentis-403,1,False,21
jupyterlab/jupyterlab,79,artemis4777,1,False,21
jupyterlab/jupyterlab,80,autodots-ahassan,1,False,21
jupyterlab/jupyterlab,81,avinashgola,1,False,21
jupyterlab/jupyterlab,82,aviu16,1,False,21
jupyterlab/jupyterlab,83,bineetkeshari2005,1,False,21
jupyterlab/jupyterlab,84,bortlesboat,1,False,21
jupyterlab/jupyterlab,85,boskodev790,1,False,21
jupyterlab/jupyterlab,86,bugbug11111,1,False,21
jupyterlab/jupyterlab,87,ceasermikes002,1,False,21
jupyterlab/jupyterlab,88,csnell2uw,1,False,21
jupyterlab/jupyterlab,89,dilkhushyash,1,False,21
jupyterlab/jupyterlab,90,dongxuelian2,1,False,21
jupyterlab/jupyterlab,91,dylanpulver,1,False,21
jupyterlab/jupyterlab,92,emecii,1,False,21
jupyterlab/jupyterlab,93,ethanstoner,1,False,21
jupyterlab/jupyterlab,94,fff122,1,False,21
jupyterlab/jupyterlab,95,filipeoliveira05,1,False,21
jupyterlab/jupyterlab,96,flaviomartins,1,False,21
jupyterlab/jupyterlab,97,fleming79,1,False,21
jupyterlab/jupyterlab,98,floze-the-genius,1,False,21
jupyterlab/jupyterlab,99,fonsp,1,False,21
jupyterlab/jupyterlab,100,galata-snapshots-bot,1,False,21
jupyterlab/jupyterlab,101,glassofwhiskey,1,False,21
jupyterlab/jupyterlab,102,globalstar117,1,False,21
jupyterlab/jupyterlab,103,goelakash,1,False,21
jupyterlab/jupyterlab,104,grizouforever,1,False,21
jupyterlab/jupyterlab,105,gruffelixir,1,False,21
jupyterlab/jupyterlab,106,i-aki-y,1,False,21
jupyterlab/jupyterlab,107,ianhi,1,False,21
jupyterlab/jupyterlab,108,imagickai,1,False,21
jupyterlab/jupyterlab,109,imleooooo,1,False,21
jupyterlab/jupyterlab,110,ionodeionode,1,False,21
jupyterlab/jupyterlab,111,jarrensj,1,False,21
jupyterlab/jupyterlab,112,jimangel,1,False,21
jupyterlab/jupyterlab,113,jordanhboxer,1,False,21
jupyterlab/jupyterlab,114,jussiroos,1,False,21
jupyterlab/jupyterlab,115,kyo5uke,1,False,21
jupyterlab/jupyterlab,116,mahathirmohammadshuvo,1,False,21
jupyterlab/jupyterlab,117,maoyouaa,1,False,21
jupyterlab/jupyterlab,118,marwan-verse,1,False,21
jupyterlab/jupyterlab,119,meriem-benismail,1,False,21
jupyterlab/jupyterlab,120,minwookshin,1,False,21
jupyterlab/jupyterlab,121,mkdev5,1,False,21
jupyterlab/jupyterlab,122,moktamd,1,False,21
jupyterlab/jupyterlab,123,mosesjamesevanslll-lab,1,False,21
jupyterlab/jupyterlab,124,mrun25,1,False,21
jupyterlab/jupyterlab,125,mwtoews,1,False,21
jupyterlab/jupyterlab,126,nicolasdmolina,1,False,21
jupyterlab/jupyterlab,127,nonan23x,1,False,21
jupyterlab/jupyterlab,128,pahari47,1,False,21
jupyterlab/jupyterlab,129,rahasyapandey,1,False,21
jupyterlab/jupyterlab,130,raminoodle733,1,False,21
jupyterlab/jupyterlab,131,rangeshpandianpt,1,False,21
jupyterlab/jupyterlab,132,reteps,1,False,21
jupyterlab/jupyterlab,133,rmaawn,1,False,21
jupyterlab/jupyterlab,134,rohith2197,1,False,21
jupyterlab/jupyterlab,135,sakshi-thigale,1,False,21
jupyterlab/jupyterlab,136,samarth40,1,False,21
jupyterlab/jupyterlab,137,sanaa-shaik,1,False,21
jupyterlab/jupyterlab,138,siddhazntx,1,False,21
jupyterlab/jupyterlab,139,sumitha007,1,False,21
jupyterlab/jupyterlab,140,tarun-bandi,1,False,21
jupyterlab/jupyterlab,141,terminalchai,1,False,21
jupyterlab/jupyterlab,142,thecaptain789,1,False,21
jupyterlab/jupyterlab,143,thomasalvaedison7777-lgtm,1,False,21
jupyterlab/jupyterlab,144,tmetzl,1,False,21
jupyterlab/jupyterlab,145,toby-bridges,1,False,21
jupyterlab/jupyterlab,146,tomatotomata,1,False,21
jupyterlab/jupyterlab,147,u-wlkjyy,1,False,21
jupyterlab/jupyterlab,148,vedantmadane,1,False,21
jupyterlab/jupyterlab,149,wfatih,1,False,21
jupyterlab/jupyterlab,150,whitewooood,1,False,21
jupyterlab/jupyterlab,151,wiss-21,1,False,21
jupyterlab/jupyterlab,152,x0lazarus,1,False,21
jupyterlab/jupyterlab,153,xaviermp14,1,False,21
jupyterlab/jupyterlab,154,xuezhongyu01,1,False,21
jupyterlab/jupyterlab,155,yahiewi,1,False,21
jupyterlab/jupyterlab,156,zihjiang,1,False,21
jupyterlab/jupyterlab,157,zsailer,1,False,21
jupyter-server/jupyter_server,1,krassowski,14,True,4
jupyter-server/jupyter_server,2,carreau,9,True,4
jupyter-server/jupyter_server,3,yann-p,8,True,4
jupyter-server/jupyter_server,4,aryansk,4,True,4
jupyter-server/jupyter_server,5,terminalchai,4,True,4
jupyter-server/jupyter_server,6,sanjays2402,3,False,4
jupyter-server/jupyter_server,7,minrk,2,False,4
jupyter-server/jupyter_server,8,muffanuj,2,False,4
jupyter-server/jupyter_server,9,whning0513,2,False,4
jupyter-server/jupyter_server,10,ydawn,2,False,4
jupyter-server/jupyter_server,11,aadamowski,1,False,4
jupyter-server/jupyter_server,12,amder12,1,False,4
jupyter-server/jupyter_server,13,bloomsa,1,False,4
jupyter-server/jupyter_server,14,brichet,1,False,4
jupyter-server/jupyter_server,15,carlfarrington,1,False,4
jupyter-server/jupyter_server,16,choldgraf,1,False,4
jupyter-server/jupyter_server,17,cyneck,1,False,4
jupyter-server/jupyter_server,18,dlqqq,1,False,4
jupyter-server/jupyter_server,19,emecii,1,False,4
jupyter-server/jupyter_server,20,fff122,1,False,4
jupyter-server/jupyter_server,21,fredrikblau,1,False,4
jupyter-server/jupyter_server,22,gooh456,1,False,4
jupyter-server/jupyter_server,23,gruffelixir,1,False,4
jupyter-server/jupyter_server,24,iam-kira,1,False,4
jupyter-server/jupyter_server,25,ktaletsk,1,False,4
jupyter-server/jupyter_server,26,mariam851,1,False,4
jupyter-server/jupyter_server,27,ojarjur,1,False,4
jupyter-server/jupyter_server,28,qk51643729,1,False,4
jupyter-server/jupyter_server,29,rrosio,1,False,4
jupyter-server/jupyter_server,30,sfc-gh-sbirmiwal,1,False,4
jupyter-server/jupyter_server,31,sjh9714,1,False,4
jupyter-server/jupyter_server,32,tonyx93,1,False,4
jupyter-server/jupyter_server,33,vincentye38,1,False,4
jupyter-server/jupyter_server,34,volktrhacv,1,False,4
jupyter-server/jupyter_server,35,yangfan-yf-yf,1,False,4
jupyter-server/jupyter_server,36,yuvipanda,1,False,4
jupyter-server/jupyter_server,37,zolyfarkas-fb,1,False,4
jupyter-server/jupyter_server,38,zsailer,1,False,4
ipython/ipykernel,1,carreau,13,True,5
ipython/ipykernel,2,krassowski,7,True,5
ipython/ipykernel,3,erikgaas,5,True,5
ipython/ipykernel,4,ianthomas23,5,True,5
ipython/ipykernel,5,johanmabille,5,True,5
ipython/ipykernel,6,adityawasudeo,2,False,5
ipython/ipykernel,7,davidbrochart,2,False,5
ipython/ipykernel,8,sahvx655-wq,2,False,5
ipython/ipykernel,9,boykoneov,1,False,5
ipython/ipykernel,10,cristianchiriac,1,False,5
ipython/ipykernel,11,emecii,1,False,5
ipython/ipykernel,12,fff122,1,False,5
ipython/ipykernel,13,glaziermag,1,False,5
ipython/ipykernel,14,goelakash,1,False,5
ipython/ipykernel,15,jasongrout,1,False,5
ipython/ipykernel,16,keshava-kesh,1,False,5
ipython/ipykernel,17,minrk,1,False,5
ipython/ipykernel,18,mwtoews,1,False,5
ipython/ipykernel,19,pelson,1,False,5
ipython/ipykernel,20,rgbkrk,1,False,5
ipython/ipykernel,21,scott5s,1,False,5
ipython/ipykernel,22,tovrstra,1,False,5
ipython/ipykernel,23,yves-surrel,1,False,5
