repository,number,url,created_at,author_login,author_id,author_type,merged_at
correxit/correxit,3,https://github.com/correxit/correxit/pull/3,2026-02-02T14:44:02Z,Copilot,198982749,Bot,
correxit/correxit,4,https://github.com/correxit/correxit/pull/4,2026-02-02T14:45:58Z,Copilot,198982749,Bot,
correxit/correxit,6,https://github.com/correxit/correxit/pull/6,2026-02-04T01:18:36Z,Copilot,198982749,Bot,
correxit/correxit,8,https://github.com/correxit/correxit/pull/8,2026-02-05T11:40:42Z,Copilot,198982749,Bot,
ipython/ipython,15124,https://github.com/ipython/ipython/pull/15124,2026-02-10T15:06:30Z,Copilot,198982749,Bot,
ipython/ipython,15125,https://github.com/ipython/ipython/pull/15125,2026-02-10T17:29:56Z,Copilot,198982749,Bot,
ipython/ipython,15135,https://github.com/ipython/ipython/pull/15135,2026-02-21T16:14:43Z,Copilot,198982749,Bot,2026-02-23T09:20:45Z
ipython/ipython,15136,https://github.com/ipython/ipython/pull/15136,2026-02-21T16:23:44Z,Copilot,198982749,Bot,2026-02-24T18:23:43Z
ipython/ipython,15137,https://github.com/ipython/ipython/pull/15137,2026-02-21T16:26:50Z,Copilot,198982749,Bot,
ipython/ipython,15143,https://github.com/ipython/ipython/pull/15143,2026-02-24T18:32:11Z,Copilot,198982749,Bot,
ipython/ipython,15147,https://github.com/ipython/ipython/pull/15147,2026-02-26T12:40:07Z,Copilot,198982749,Bot,2026-03-04T10:01:50Z
jupyter/jupyter.github.io,866,https://github.com/jupyter/jupyter.github.io/pull/866,2026-07-08T22:50:48Z,Copilot,198982749,Bot,
jupyter/jupyter.github.io,867,https://github.com/jupyter/jupyter.github.io/pull/867,2026-07-08T22:53:02Z,Copilot,198982749,Bot,
emscripten-forge/recipes,4277,https://github.com/emscripten-forge/recipes/pull/4277,2026-01-19T10:05:08Z,Copilot,198982749,Bot,
emscripten-forge/mambajs,199,https://github.com/emscripten-forge/mambajs/pull/199,2026-02-03T16:28:11Z,Copilot,198982749,Bot,2026-02-03T17:37:29Z
jupyter-server/jupyter_server,1626,https://github.com/jupyter-server/jupyter_server/pull/1626,2026-05-01T16:37:33Z,Copilot,198982749,Bot,2026-06-15T09:18:26Z
ipython/ipython,15279,https://github.com/ipython/ipython/pull/15279,2026-07-02T18:45:18Z,Copilot,198982749,Bot,
ipython/ipython,15297,https://github.com/ipython/ipython/pull/15297,2026-07-07T11:42:36Z,Copilot,198982749,Bot,
jasongrout/blog_export,32,https://github.com/jasongrout/blog_export/pull/32,2026-09-04T20:09:28Z,Copilot,198982749,Bot,2026-09-04T20:12:34Z
jupyterlite/jupyterlite,1918,https://github.com/jupyterlite/jupyterlite/pull/1918,2026-04-03T13:14:20Z,Copilot,198982749,Bot,
jupyter-lsp/jupyterlab-lsp,1169,https://github.com/jupyter-lsp/jupyterlab-lsp/pull/1169,2026-03-28T13:24:04Z,Copilot,198982749,Bot,2026-03-28T20:58:18Z
jupyter-lsp/jupyterlab-lsp,1174,https://github.com/jupyter-lsp/jupyterlab-lsp/pull/1174,2026-03-30T09:15:21Z,Copilot,198982749,Bot,2026-03-31T10:29:22Z
krassowski/webpack-licence-repro,1,https://github.com/krassowski/webpack-licence-repro/pull/1,2026-05-22T08:30:00Z,Copilot,198982749,Bot,2026-05-22T08:49:06Z
emscripten-forge/mambajs,205,https://github.com/emscripten-forge/mambajs/pull/205,2026-02-26T14:35:43Z,Copilot,198982749,Bot,2026-02-26T15:31:11Z
emscripten-forge/recipes,5446,https://github.com/emscripten-forge/recipes/pull/5446,2026-04-27T08:44:16Z,Copilot,198982749,Bot,2026-04-27T08:55:39Z
emscripten-forge/recipes,5448,https://github.com/emscripten-forge/recipes/pull/5448,2026-04-27T08:59:34Z,Copilot,198982749,Bot,
emscripten-forge/mambajs,209,https://github.com/emscripten-forge/mambajs/pull/209,2026-04-29T12:54:25Z,Copilot,198982749,Bot,2026-04-29T13:00:01Z
emscripten-forge/mambajs,211,https://github.com/emscripten-forge/mambajs/pull/211,2026-06-04T07:48:55Z,Copilot,198982749,Bot,2026-06-04T08:38:22Z
emscripten-forge/mambajs,216,https://github.com/emscripten-forge/mambajs/pull/216,2026-06-04T13:07:03Z,Copilot,198982749,Bot,2026-06-04T13:58:07Z
emscripten-forge/mambajs,220,https://github.com/emscripten-forge/mambajs/pull/220,2026-08-20T12:34:12Z,Copilot,198982749,Bot,
