project,recent_people,recent_leaders,recent_key_contributors,recent_logins,role_logins
conda-forge,4,3,2,ianthomas23;johanmabille;martinrenou;minrk,minrk;sylvaincorlay
emscripten-forge,3,2,2,ianthomas23;johanmabille;martinrenou,
PyData Sphinx Theme,2,1,2,carreau;yann-p,choldgraf
Pyflyby,2,1,2,carreau;krassowski,
QuantStack/git2cpp,2,1,2,ianthomas23;johanmabille,
AndreaBozzo/dataprof,1,0,1,aryansk,
AnswerDotAI/clikernel,1,0,1,erikgaas,
AnswerDotAI/dialoghelper,1,0,1,erikgaas,
AnswerDotAI/fasthtml,1,0,1,erikgaas,
AnswerDotAI/ghapi,1,0,1,erikgaas,
Avenx-JS/avenx-js,1,0,1,aryansk,
Carreau/sphinx_toml,1,0,1,carreau,
Choices-js/Choices,1,0,1,terminalchai,
ContourPy,1,0,1,ianthomas23,ianthomas23
Johin2/self-heal,1,0,1,terminalchai,
LangChain AWS,1,1,0,3coins,
LiamProsser77/gronnfalk,1,0,1,terminalchai,
MagicStack/asyncpg,1,0,1,aryansk,
Mamba,1,1,1,johanmabille,
NVIDIA/NemoClaw,1,0,1,aryansk,
OlaGreat/NovaSupport,1,0,1,terminalchai,
Plotly.js,1,1,0,marthacryan,
ProjectPythia/cookbook-actions,1,1,0,agoose77,
ProjectPythia/gdex-cookbook,1,1,0,choldgraf,
ProjectPythia/ptype-ml-cookbook,1,1,0,agoose77,
PyZMQ,1,1,0,minrk,minrk
Quansight-Labs/intersphinx_registry,1,0,1,carreau,
RailtownAI/railtracks,1,0,1,aryansk,
Shantanugupta43/SuggestPilot,1,0,1,terminalchai,
StudentSuite/StudyMap,1,0,1,aryansk,
aio-libs/aiohttp,1,0,1,terminalchai,
anomalyco/opencode,1,0,1,terminalchai,
ansible/ansible,1,0,1,aryansk,
apify/crawlee-python,1,0,1,aryansk,
apple/swift-argument-parser,1,0,1,aryansk,
apple/swift-system,1,0,1,aryansk,
aryansk/mend-webmcp,1,0,1,aryansk,
brianc/node-postgres,1,0,1,terminalchai,
btsouth/toolport,1,0,1,aryansk,
capad-xyz/searchts,1,0,1,terminalchai,
cookiecutter/cookiecutter,1,0,1,aryansk,
dask/dask,1,0,1,aryansk,
dheerajjha/mcp-migrate,1,0,1,aryansk,
drivendataorg/failed-build-issue-action,1,0,1,aryansk,
fsspec/filesystem_spec,1,0,1,aryansk,
future-agi/future-agi,1,0,1,terminalchai,
gchq/CyberChef,1,0,1,terminalchai,
grafana/grafana,1,0,1,aryansk,
hahwul/dalfox,1,0,1,terminalchai,
hibuka-labs/agent-base,1,0,1,aryansk,
jtpio/lump-sum-vs-dca,1,1,1,jtpio,
kellyjonbrazil/jc,1,0,1,terminalchai,
lingdojo/kana-dojo,1,0,1,terminalchai,
mainsail-org/gennaker-tools,1,1,0,agoose77,
marimo,1,1,0,marthacryan,
microsoft/apm,1,0,1,aryansk,
midhunkrishna/marginalia,1,0,1,aryansk,
mikefarah/yq,1,0,1,terminalchai,
moby/moby,1,0,1,aryansk,
nastaso/cloudcertprep,1,0,1,terminalchai,
networkx/networkx,1,0,1,aryansk,
nivaas219/ossfind,1,0,1,aryansk,
numpy/numpy,1,0,1,carreau,
open-telemetry/opentelemetry-specification,1,0,1,aryansk,
openmhealth/schemas,1,1,0,minrk,
orestbida/cookieconsent,1,0,1,terminalchai,
orval-labs/orval,1,0,1,aryansk,
pandas-dev/pandas,1,0,1,aryansk,
pipe-cd/pipecd,1,0,1,muffanuj,
pylint-dev/pylint,1,0,1,aryansk,
pypa/hatch,1,0,1,aryansk,
pypa/setuptools,1,0,1,aryansk,
pytest-dev/pytest,1,0,1,aryansk,
python/cpython,1,0,1,aryansk,
python/mypy,1,0,1,aryansk,
raineorshine/npm-check-updates,1,0,1,terminalchai,
realm/SwiftLint,1,0,1,aryansk,
rpwagner/credential-vault,1,1,0,rpwagner,
rq/rq,1,0,1,aryansk,
scipy/scipy,1,0,1,carreau,
shauryagangrade/GCode,1,0,1,aryansk,
shauryagangrade/intent-drift-skill,1,0,1,aryansk,
shauryagangrade/scout-issue,1,0,1,aryansk,
shoelace-style/webawesome,1,0,1,terminalchai,
skrun-dev/skrun,1,0,1,terminalchai,
sparrow-org/sparrow-ipc,1,1,1,johanmabille,
sphinx-doc/sphinx,1,0,1,aryansk,
stsewd/tree-sitter-rst,1,0,1,carreau,
swiftlang/swift-format,1,0,1,aryansk,
tabler/tabler,1,0,1,terminalchai,
unjs/ufo,1,0,1,terminalchai,
vercel-labs/skills,1,0,1,aryansk,
virgiliojr94/book-to-skill,1,0,1,aryansk,
xtensor stack,1,1,1,johanmabille,
