login,leadership,key_contributor,official_jupyter_projects,adjacent_jupyter_projects,non_jupyter_projects,non_jupyter_roles,unclassified_or_excluded_repositories,interpretation
3coins,True,False,,Jupyter AI Contrib,LangChain AWS,,andrii-i/nb-cli,Documented matches only; blank fields do not establish absence of relationships
afshin,True,False,,correxit/correxit,,,,Documented matches only; blank fields do not establish absence of relationships
agoose77,True,False,jupyter-book/jupyterlab-myst;jupyter-book/myst-theme;jupyter-book/mystmd,2i2c deployments;yuvipanda/jupyterbook.pub,ProjectPythia/cookbook-actions;ProjectPythia/ptype-ml-cookbook;mainsail-org/gennaker-tools,,2i2c-org/2i2c-org.github.io;2i2c-org/team-compass,Documented matches only; blank fields do not establish absence of relationships
aryansk,False,True,ipython/ipython;jupyter-server/jupyter-resource-usage;jupyter-server/jupyter_server;jupyter/nbconvert;jupyterlab/jupyterlab,,AndreaBozzo/dataprof;Avenx-JS/avenx-js;MagicStack/asyncpg;NVIDIA/NemoClaw;RailtownAI/railtracks;StudentSuite/StudyMap;ansible/ansible;apify/crawlee-python;apple/swift-argument-parser;apple/swift-system;aryansk/mend-webmcp;btsouth/toolport;cookiecutter/cookiecutter;dask/dask;dheerajjha/mcp-migrate;drivendataorg/failed-build-issue-action;fsspec/filesystem_spec;grafana/grafana;hibuka-labs/agent-base;microsoft/apm;midhunkrishna/marginalia;moby/moby;networkx/networkx;nivaas219/ossfind;open-telemetry/opentelemetry-specification;orval-labs/orval;pandas-dev/pandas;pylint-dev/pylint;pypa/hatch;pypa/setuptools;pytest-dev/pytest;python/cpython;python/mypy;realm/SwiftLint;rq/rq;shauryagangrade/GCode;shauryagangrade/intent-drift-skill;shauryagangrade/scout-issue;sphinx-doc/sphinx;swiftlang/swift-format;vercel-labs/skills;virgiliojr94/book-to-skill,,,Documented matches only; blank fields do not establish absence of relationships
bigsur0,True,False,,,,,,Documented matches only; blank fields do not establish absence of relationships
carreau,False,True,ipython/ipykernel;ipython/ipython;ipython/matplotlib-inline;ipython/traitlets;jupyter-server/jupyter_server;jupyter-server/jupyter_server_fileid;jupyter/jupyter_client;jupyter/nbclient;jupyter/nbdime;jupyter/nbformat;jupyter/papyri;jupyter/security;jupyterlab/jupyter-collaboration;jupyterlab/jupyterlab,,Carreau/sphinx_toml;PyData Sphinx Theme;Pyflyby;Quansight-Labs/intersphinx_registry;numpy/numpy;scipy/scipy;stsewd/tree-sitter-rst,,Carreau/kCubeGL;Carreau/menage-petit-nemo;Carreau/papyri;Carreau/tree-sitter-rst,Documented matches only; blank fields do not establish absence of relationships
celestehorgan,True,False,,,,,,Documented matches only; blank fields do not establish absence of relationships
choldgraf,True,False,jupyter-book/blog;jupyter-book/jupyter-book;jupyter-book/jupyterbook.org;jupyter-book/myst-plugins;jupyter-book/myst-theme;jupyter-book/mystmd;jupyter-book/team-compass;jupyter-book/test-repo;jupyter-governance/ec-team-compass;jupyterhealth/hub;jupyterhub/jupyterhub.github.io,2i2c deployments;MyST Contrib,ProjectPythia/gdex-cookbook,PyData Sphinx Theme,2i2c-org/2i2c-org.github.io;2i2c-org/docs;2i2c-org/kpis;2i2c-org/roadmap;2i2c-org/team-compass;myst-contrib/myst-listing,Documented matches only; blank fields do not establish absence of relationships
darshan808,False,True,jupyter/notebook;jupyterlab/eslint-plugin;jupyterlab/extension-template;jupyterlab/jupyter-builder;jupyterlab/jupyter-collaboration;jupyterlab/jupyterlab;jupyterlite/jupyterlite,deshaw/jupyterlab-notify,,,Darshan808/NDN-Toolkit,Documented matches only; blank fields do not establish absence of relationships
dharmaquark,True,False,,,,,,Documented matches only; blank fields do not establish absence of relationships
erikgaas,False,True,ipython/ipykernel,,AnswerDotAI/clikernel;AnswerDotAI/dialoghelper;AnswerDotAI/fasthtml;AnswerDotAI/ghapi,,,Documented matches only; blank fields do not establish absence of relationships
gabalafou,True,False,,,,,,Documented matches only; blank fields do not establish absence of relationships
ianthomas23,False,True,ipython/ipykernel;jupyterlite/cockle;jupyterlite/terminal,,ContourPy;QuantStack/git2cpp;conda-forge;emscripten-forge,ContourPy,,Documented matches only; blank fields do not establish absence of relationships
ivanov,True,False,,,,,,Documented matches only; blank fields do not establish absence of relationships
jake-stack,True,False,,,,,,Documented matches only; blank fields do not establish absence of relationships
jasongrout,False,True,jupyter-governance/ec-team-compass;jupyter-governance/funding-proposals;jupyter-widgets/ipywidgets;jupyter/governance;jupyter/jupyter.github.io;jupyter/medium-archive;jupyterlab/jupyterlab;jupyterlab/lumino,,,,jasongrout/blog_export;jasongrout/ipywidgets;jasongrout/jupyter.github.io;jasongrout/medium-archive,Documented matches only; blank fields do not establish absence of relationships
johanmabille,True,True,ipython/ipykernel;ipython/traitlets;jupyter-xeus/xeus;jupyter-xeus/xeus-lua;jupyter-xeus/xeus-python;jupyter-xeus/xeus-sql;jupyter-xeus/xeus-sqlite;jupyter-xeus/xeus-zmq;jupyter-xeus/xleaflet;jupyter-xeus/xwidgets;jupyter/jupyter.github.io;jupyter/jupyter_client,compiler-research/xeus-cpp;runtimed/kernel-testbed,Mamba;QuantStack/git2cpp;conda-forge;emscripten-forge;sparrow-org/sparrow-ipc;xtensor stack,,conda-forge/admin-requests;man-group/polarctic,Documented matches only; blank fields do not establish absence of relationships
jtpio,True,True,jupyter-server/jupyter_releaser;jupyter/nbdime;jupyter/notebook;jupyter/try-jupyter;jupyterlab/jupyter-ai;jupyterlab/jupyter-builder;jupyterlab/jupyter-collaboration;jupyterlab/jupyterlab;jupyterlab/jupyterlab-git;jupyterlab/lumino;jupyterlite/ai;jupyterlite/javascript-kernel;jupyterlite/jupyterlite;jupyterlite/p5-kernel;jupyterlite/pyodide-kernel;jupyterlite/terminal;jupyterlite/xeus,Jupyter AI Contrib;JupyterLab Contrib;jtpio/ajlab;jtpio/jupyterlab-browser-ai;jtpio/jupyterlab-pierre-theme;jtpio/jupyterlab-unsafe-globals;jtpio/jupyterlite-ai-kernels;jtpio/jupyterlite-remote-server;jtpio/xtralab,jtpio/lump-sum-vs-dca,,jtpio/jtpio.github.io;jtpio/jupyterlite,Documented matches only; blank fields do not establish absence of relationships
krassowski,True,True,ipython/ipykernel;ipython/ipython;jupyter-governance/funding-proposals;jupyter-server/gateway_provisioners;jupyter-server/jupyter_server;jupyter-server/jupyter_ydoc;jupyter/enhancement-proposals;jupyter/jupyter.github.io;jupyter/jupyter_client;jupyterlab/eslint-plugin;jupyterlab/extension-template;jupyterlab/jupyter-builder;jupyterlab/jupyter-collaboration;jupyterlab/jupyterlab;jupyterlab/jupyterlab-desktop;jupyterlab/jupyterlab_server;jupyterlab/lumino;jupyterlab/maintainer-tools;jupyterlab/plugin-playground,Jupyter AI Contrib;Jupyter LSP;JupyterLab Contrib;Jupytext;Nebari;deshaw/jupyterlab-notify;executablebooks/github-activity,Pyflyby,,krassowski/funding-proposals;krassowski/jupyterlab;krassowski/jupytext;openteams-ai/engineering-blog-old;test-for-jupyter-PR-bot-testing/jupyterlab,Documented matches only; blank fields do not establish absence of relationships
marthacryan,True,False,,,Plotly.js;marimo,,,Documented matches only; blank fields do not establish absence of relationships
martinrenou,True,False,jupyter-xeus/xeus-python-shell;jupyterlab/jupyter-collaboration;jupyterlab/jupyterlab;jupyterlite/jupyterlite;jupyterlite/xeus;voila-dashboards/voila,GeoJupyter;Jupyter Widgets Contrib;JupyterCAD;QuantStack/yjs-widgets;bqplot/bqplot;davidbrochart/jupyter-webrtc-provider;matplotlib/ipympl,conda-forge;emscripten-forge,,QuantStack/my-jupyter-shared-drive;conda-forge/admin-requests;emscripten-forge/emscripten-forge-3x-mirror,Documented matches only; blank fields do not establish absence of relationships
metrizable,True,False,,,,,,Documented matches only; blank fields do not establish absence of relationships
minrk,True,False,ipython/ipyparallel;jupyter/nbviewer;jupyter/nbviewer.org-deploy;jupyterhealth/helm-charts;jupyterhealth/jupyter-smart-on-fhir;jupyterhealth/jupyterhealth-client;jupyterhealth/jupyterhealth-demo-deploy;jupyterhealth/jupyterhealth-exchange;jupyterhealth/jupyterhealth.org;jupyterhealth/singleuser-image;jupyterhub/autodoc-traits;jupyterhub/binderhub;jupyterhub/chartpress;jupyterhub/configurable-http-proxy;jupyterhub/jupyter-server-proxy;jupyterhub/jupyterhub;jupyterhub/jupyterhub-container-images;jupyterhub/ltiauthenticator;jupyterhub/mybinder.org-deploy;jupyterhub/oauthenticator;jupyterhub/repo2docker;jupyterhub/team-compass;jupyterhub/zero-to-jupyterhub-k8s,2i2c deployments;BIDS/hub-deploy,PyZMQ;conda-forge;openmhealth/schemas,PyZMQ;conda-forge,,Documented matches only; blank fields do not establish absence of relationships
muffanuj,False,True,jupyterlab/eslint-plugin;jupyterlab/extension-examples;jupyterlab/jupyter-chat;jupyterlab/jupyterlab;jupyterlab/jupyterlab-git;jupyterlab/lumino;jupyterlab/maintainer-tools;jupyterlab/plugin-playground;jupyterlite/ai,JupyterLab Contrib;Nebari,pipe-cd/pipecd,,MUFFANUJ/jupyterlab;Mehak261124/AML_DL;Mehak261124/Memory_Management_Visualizer;Mehak261124/Tetris;yashgoyal0110/test-repo-3,Documented matches only; blank fields do not establish absence of relationships
nsingl00,True,False,,,,,,Documented matches only; blank fields do not establish absence of relationships
rpwagner,True,False,,,rpwagner/credential-vault,,rpwagner/hermes-agent;rpwagner/jupyter-ai-acp-client;rpwagner/jupyter-chat;rpwagner/keyrings.cryptfile,Documented matches only; blank fields do not establish absence of relationships
sylvaincorlay,True,False,jupyter-governance/funding-proposals,GeoJupyter,,conda-forge,QuantStack/quantstack.github.io,Documented matches only; blank fields do not establish absence of relationships
terminalchai,False,True,jupyter-server/jupyter_server,,Choices-js/Choices;Johin2/self-heal;LiamProsser77/gronnfalk;OlaGreat/NovaSupport;Shantanugupta43/SuggestPilot;aio-libs/aiohttp;anomalyco/opencode;brianc/node-postgres;capad-xyz/searchts;future-agi/future-agi;gchq/CyberChef;hahwul/dalfox;kellyjonbrazil/jc;lingdojo/kana-dojo;mikefarah/yq;nastaso/cloudcertprep;orestbida/cookieconsent;raineorshine/npm-check-updates;shoelace-style/webawesome;skrun-dev/skrun;tabler/tabler;unjs/ufo,,Apertur3/headroom;PicadoLabs/build-with-ai;chahe-dridi/dev-setup;chahe-dridi/vscode-setup;eslint-community/eslint-plugin-n,Documented matches only; blank fields do not establish absence of relationships
vidartf,True,False,,,,,,Documented matches only; blank fields do not establish absence of relationships
yann-p,True,True,jupyter-governance/funding-proposals;jupyter-server/jupyter_server;jupyter/jupyter.github.io;jupyter/security;jupyterlab/jupyterlab,,PyData Sphinx Theme,,Glocus26/Pendu-Multijoueur;Yann-P/papyri;Yann-P/pydata-sphinx-theme,Documented matches only; blank fields do not establish absence of relationships
ydawn,True,False,,,,,,Documented matches only; blank fields do not establish absence of relationships
zsailer,True,False,jupyterlab/jupyter-chat,Jupyter AI Contrib,,,,Documented matches only; blank fields do not establish absence of relationships
