rank,login,ai_pr_count,official_jupyter_overlap,public_evidence_note
1,dlqqq,184,yes,"Public contributor activity in official JupyterLab development in addition to Jupyter AI work"
2,brichet,105,yes,"Contributor to official JupyterLab/Notebook releases and active JupyterLite/Jupyter frontend work"
3,jtpio,82,yes,"Longstanding JupyterLab/JupyterLite contributor; current SSC representative for Jupyter Frontends"
4,3coins,52,yes,"Established Jupyter contributor with prior JupyterLab activity; also a Jupyter AI Contrib decision maker"
5,andrii-i,49,yes,"Contributor credited in official JupyterLab/Notebook release activity"
6,srdas,27,not-established-in-this-pass,"No conservative cross-project classification recorded in this pass"
7,bhavana-nair,21,not-established-in-this-pass,"No conservative cross-project classification recorded in this pass"
8,Zsailer,18,yes,"Longstanding Jupyter contributor and current Project Jupyter governance participant"
9,joequant,17,not-established-in-this-pass,"No conservative cross-project classification recorded in this pass"
10,Yahiewi,16,not-established-in-this-pass,"AI-space contribution includes official jupyterlite/ai, but non-AI official-Jupyter overlap was not established in this pass"
11,erkin98,12,yes,"Contributor credited in official JupyterLab/Notebook release activity"
12,albertmichaelj,11,not-established-in-this-pass,"No conservative cross-project classification recorded in this pass"
13,ellisonbg,9,yes,"Project Jupyter co-founder and longstanding Jupyter architecture/governance contributor"
14,vincentye38,8,not-established-in-this-pass,"No conservative cross-project classification recorded in this pass"
15,joshuatowner,8,not-established-in-this-pass,"No conservative cross-project classification recorded in this pass"
16,krassowski,6,yes,"Longstanding JupyterLab contributor/maintainer and contributor to official JupyterLab/Notebook releases"
17,nakul-py,6,not-established-in-this-pass,"AI-space contribution includes official jupyterlite/ai, but non-AI official-Jupyter overlap was not established in this pass"
18,xrl,5,not-established-in-this-pass,"No conservative cross-project classification recorded in this pass"
19,MUFFANUJ,5,yes,"Contributor credited in official JupyterLab/Notebook release activity"
20,stebo85,4,not-established-in-this-pass,"No conservative cross-project classification recorded in this pass"